bank,year,metric_name,val,unit,source_chunk_id,bucket
1stSourceBank_991340,2024,NII,"$ 20,393",thousand,k=1stSourceBank_991340|stem=c9dcb045-d5d8-481a-879f-524e37608ef2pdf|chunk=124,ok
1stSourceBank_991340,2024,NIM,3.50,%,[k=1stSourceBank_991340|stem=c9dcb045-d5d8-481a-879f-524e37608ef2pdf|chunk=122],ok
1stSourceBank_991340,2024,Provision for Credit Losses,"12,466",thousand,[k=1stSourceBank_991340|stem=c9dcb045-d5d8-481a-879f-524e37608ef2pdf|chunk=203],ok
1stSourceBank_991340,2024,ROA,1.52,%,[k=1stSourceBank_991340|stem=c9dcb045-d5d8-481a-879f-524e37608ef2pdf|chunk=23],ok
1stSourceBank_991340,2024,ROE,12.54,%,[k=1stSourceBank_991340|stem=c9dcb045-d5d8-481a-879f-524e37608ef2pdf|chunk=23],ok
Ally_3284070,2024,NII,(27),dollars,k=Ally_3284070|stem=2024-10kpdf|chunk=340,ok
Ally_3284070,2024,NIM,3.27,%,[k=Ally_3284070|stem=2024-10kpdf|chunk=498],ok
Ally_3284070,2024,Provision for Credit Losses,287,million,[k=Ally_3284070|stem=2024-10kpdf|chunk=282],ok
Ally_3284070,2024,ROA,0.35,%,[k=Ally_3284070|stem=2024-10kpdf|chunk=269],ok
Ally_3284070,2024,ROE,NOT FOUND,NOT FOUND,NOT FOUND,value_missing
AlwaysOurBest_90328,2024,NII,"$ 3,872",thousand,k=AlwaysOurBest_90328|stem=642a04d1-43da-4ae1-8ef0-fa96978881aapdf|chunk=110,ok
AlwaysOurBest_90328,2024,NIM,3.82,%,[k=AlwaysOurBest_90328|stem=ARS-Skyline-Bankshares-2024-Annual-Reportpdf|chunk=153],ok
AlwaysOurBest_90328,2024,Provision for Credit Losses,1.1,million,[k=AlwaysOurBest_90328|stem=642a04d1-43da-4ae1-8ef0-fa96978881aapdf|chunk=106],ok
AlwaysOurBest_90328,2024,ROA,NOT FOUND,NOT FOUND,NOT FOUND,value_missing
AlwaysOurBest_90328,2024,ROE,8.69,%,table:b0009,table_prefill
AmerantBank_83638,2024,NII,"(1,137)",thousand,k=AmerantBank_83638|stem=d920016darspdf|chunk=248,ok
AmerantBank_83638,2024,NIM,3.58,%,[k=AmerantBank_83638|stem=d920016darspdf|chunk=221],ok
AmerantBank_83638,2024,Provision for Credit Losses,"60,460",thousand,[k=AmerantBank_83638|stem=d920016darspdf|chunk=430],ok
AmerantBank_83638,2024,ROA,0.16,%,[k=AmerantBank_83638|stem=d920016darspdf|chunk=236],ok
AmerantBank_83638,2024,ROE,1.99,%,[k=AmerantBank_83638|stem=d920016darspdf|chunk=236],ok
CPBHawaii_701062,2024,NII,"$ 211,733",thousand,k=CPBHawaii_701062|stem=CPF-12-31-24-10-K-FINALpdf|chunk=294,ok
CPBHawaii_701062,2024,NIM,4.9,%,[k=CPBHawaii_701062|stem=CPF-12-31-24-10-K-FINALpdf|chunk=170],ok
CPBHawaii_701062,2024,Provision for Credit Losses,9.8,million,[k=CPBHawaii_701062|stem=CPF-12-31-24-10-K-FINALpdf|chunk=83],ok
CPBHawaii_701062,2024,ROA,0.78,%,[k=CPBHawaii_701062|stem=CPF-12-31-24-10-K-FINALpdf|chunk=153],ok
CPBHawaii_701062,2024,ROE,0.72,%,[k=CPBHawaii_701062|stem=CPF-12-31-24-10-K-FINALpdf|chunk=153],ok
CSBBank_189129,2024,NII,"36,853",thousand,k=CSBBank_189129|stem=CSB_2024_AnnualReport_Final_3-5-25_Proofpdf|chunk=20,ok
CSBBank_189129,2024,NIM,5.19,%,[k=CSBBank_189129|stem=CSB_2024_AnnualReport_Final_3-5-25_Proofpdf|chunk=21],ok
CSBBank_189129,2024,Provision for Credit Losses,1.1,million,[k=CSBBank_189129|stem=CSB_2024_AnnualReport_Final_3-5-25_Proofpdf|chunk=20],ok
CSBBank_189129,2024,ROA,0.85,%,[k=CSBBank_189129|stem=CSB_2024_AnnualReport_Final_3-5-25_Proofpdf|chunk=20],ok
CSBBank_189129,2024,ROE,8.96,%,[k=CSBBank_189129|stem=CSB_2024_AnnualReport_Final_3-5-25_Proofpdf|chunk=20],ok
CommerceBank_601050,2024,NII,"$ 45,035",million,k=CommerceBank_601050|stem=2024-Commerce-Bank-Annual-Report-10kpdf|chunk=139,ok
CommerceBank_601050,2024,NIM,3.47,%,[k=CommerceBank_601050|stem=2024-Commerce-Bank-Annual-Report-10kpdf|chunk=118],ok
CommerceBank_601050,2024,Provision for Credit Losses,"32,903",thousand,[k=CommerceBank_601050|stem=2024-Commerce-Bank-Annual-Report-10kpdf|chunk=273],ok
CommerceBank_601050,2024,ROA,1.72,%,[k=CommerceBank_601050|stem=2024-Commerce-Bank-Annual-Report-10kpdf|chunk=121],ok
CommerceBank_601050,2024,ROE,16.66,%,[k=CommerceBank_601050|stem=2024-Commerce-Bank-Annual-Report-10kpdf|chunk=116],ok
DeutscheBank_214807,2024,NII,"13,602",million,k=DeutscheBank_214807|stem=Annual-Report-2023pdf|chunk=107,ok
DeutscheBank_214807,2024,NIM,1.40,%,[k=DeutscheBank_214807|stem=Annual-Report-2023pdf|chunk=104],ok
DeutscheBank_214807,2024,Provision for Credit Losses,1.5,million,[k=DeutscheBank_214807|stem=Annual-Report-2023pdf|chunk=102],ok
DeutscheBank_214807,2024,ROA,0.35,%,[k=DeutscheBank_214807|stem=Annual-Report-2023pdf|chunk=728],ok
DeutscheBank_214807,2024,ROE,8.4,%,table:b0021,table_prefill
EagleBankCorp_278872,2024,NII,NOT FOUND,NOT FOUND,NOT FOUND,value_missing
EagleBankCorp_278872,2024,NIM,NOT FOUND,NOT FOUND,NOT FOUND,value_missing
EagleBankCorp_278872,2024,Provision for Credit Losses,NOT FOUND,NOT FOUND,NOT FOUND,value_missing
EagleBankCorp_278872,2024,ROA,NOT FOUND,NOT FOUND,NOT FOUND,value_missing
EagleBankCorp_278872,2024,ROE,NOT FOUND,NOT FOUND,NOT FOUND,value_missing
EphrataNational_425911,2024,NII,"$2,702,000,",thousand,k=EphrataNational_425911|stem=2024-ENB-Annual-Report-Completepdf|chunk=114,ok
EphrataNational_425911,2024,NIM,2.87,%,[k=EphrataNational_425911|stem=2024-ENB-Annual-Report-Completepdf|chunk=71],ok
EphrataNational_425911,2024,Provision for Credit Losses,"1,015,000",thousand,[k=EphrataNational_425911|stem=2024-ENB-Annual-Report-Completepdf|chunk=114],ok
EphrataNational_425911,2024,ROA,0.75,%,[k=EphrataNational_425911|stem=2024-ENB-Annual-Report-Completepdf|chunk=5],ok
EphrataNational_425911,2024,ROE,12.13,%,[k=EphrataNational_425911|stem=2024-ENB-Annual-Report-Completepdf|chunk=116],ok
FMTrust_289515,2024,NII,NOT FOUND,NOT FOUND,NOT FOUND,value_missing
FMTrust_289515,2024,NIM,2.95,%,[k=FMTrust_289515|stem=25023FMT-2024-Shareholders-Annual-D-FINAL-WEB-USE-SINGLESpdf|chunk=4],ok
FMTrust_289515,2024,Provision for Credit Losses,NOT FOUND,NOT FOUND,NOT FOUND,value_missing
FMTrust_289515,2024,ROA,0.54,%,[k=FMTrust_289515|stem=25023FMT-2024-Shareholders-Annual-D-FINAL-WEB-USE-SINGLESpdf|chunk=4],ok
FMTrust_289515,2024,ROE,8.05,%,[k=FMTrust_289515|stem=25023FMT-2024-Shareholders-Annual-D-FINAL-WEB-USE-SINGLESpdf|chunk=4],ok
FirstHorizonBnk_485559,2024,NII,"$ 21,436",million,k=FirstHorizonBnk_485559|stem=2024-Annual-Report-on-Form-10-Kpdf|chunk=216,ok
FirstHorizonBnk_485559,2024,NIM,3.35,%,[k=FirstHorizonBnk_485559|stem=2024-Annual-Report-on-Form-10-Kpdf|chunk=373],ok
FirstHorizonBnk_485559,2024,Provision for Credit Losses,150,million,[k=FirstHorizonBnk_485559|stem=2024-Annual-Report-on-Form-10-Kpdf|chunk=34],ok
FirstHorizonBnk_485559,2024,ROA,0.97,%,[k=FirstHorizonBnk_485559|stem=2024-Annual-Report-on-Form-10-Kpdf|chunk=214],ok
FirstHorizonBnk_485559,2024,ROE,NOT FOUND,NOT FOUND,NOT FOUND,value_missing
GermanAmerican_37640,2024,NII,"190,591",thousand,k=_GermanAmerican_37640|stem=2025-SAR-Annual-Reportpdf|chunk=13,ok
GermanAmerican_37640,2024,NIM,NOT FOUND,NOT FOUND,NOT FOUND,value_missing
GermanAmerican_37640,2024,Provision for Credit Losses,"2,775",thousand,[k=_GermanAmerican_37640|stem=2025-SAR-Annual-Reportpdf|chunk=12],ok
GermanAmerican_37640,2024,ROA,1.34,%,COMPUTED_FROM [k=_GermanAmerican_37640|stem=2025-SAR-Annual-Reportpdf|chunk=12] (Net Income / Avg Assets),ok
GermanAmerican_37640,2024,ROE,12.22,%,COMPUTED_FROM [k=_GermanAmerican_37640|stem=2025-SAR-Annual-Reportpdf|chunk=12] (Net Income / Avg Equity),ok
HarborOne_40499,2024,NII,"607,597",thousand,k=HarborOne_40499|stem=2024-Final-Annual-Report_869627_006_Print_CLEANpdf|chunk=295,ok
HarborOne_40499,2024,NIM,3.40,%,[k=HarborOne_40499|stem=2024-Final-Annual-Report_869627_006_Print_CLEANpdf|chunk=396],ok
HarborOne_40499,2024,Provision for Credit Losses,"172,373",thousands,table:b0161,table_prefill
HarborOne_40499,2024,ROA,NOT FOUND,NOT FOUND,NOT FOUND,value_missing
HarborOne_40499,2024,ROE,NOT FOUND,NOT FOUND,NOT FOUND,value_missing
HorizonBank_130541,2024,NII,"$ 188,604",thousand,k=HorizonBank_130541|stem=HBNC-2024-12-31-10K-FINALpdf|chunk=133,ok
HorizonBank_130541,2024,NIM,2.97,%,[k=HorizonBank_130541|stem=HBNC-2024-12-31-10K-FINALpdf|chunk=135],ok
HorizonBank_130541,2024,Provision for Credit Losses,2.9,million,[k=HorizonBank_130541|stem=HBNC-2024-12-31-10K-FINALpdf|chunk=123],ok
HorizonBank_130541,2024,ROA,NOT FOUND,NOT FOUND,NOT FOUND,value_missing
HorizonBank_130541,2024,ROE,NOT FOUND,NOT FOUND,NOT FOUND,value_missing
Huntington_Bank_12311,2024,NII,"3,717",million,k=Huntington_Bank_12311|stem=Annual_Report_2024_HBAN006-10-K_2024_Bookmarked_FINAL_03062025pdf|chunk=186,ok
Huntington_Bank_12311,2024,NIM,$12.2,%,[k=Huntington_Bank_12311|stem=Annual_Report_2024_HBAN006-10-K_2024_Bookmarked_FINAL_03062025pdf|chunk=283],ok
Huntington_Bank_12311,2024,Provision for Credit Losses,284,million,[k=Huntington_Bank_12311|stem=Annual_Report_2024_HBAN006-10-K_2024_Bookmarked_FINAL_03062025pdf|chunk=469],ok
Huntington_Bank_12311,2024,ROA,NOT FOUND,NOT FOUND,NOT FOUND,value_missing
Huntington_Bank_12311,2024,ROE,NOT FOUND,NOT FOUND,NOT FOUND,value_missing
MyPCSB_24006,2024,NII,NOT FOUND,NOT FOUND,NOT FOUND,value_missing
MyPCSB_24006,2024,NIM,3.09,%,[k=MyPCSB_24006|stem=Proxypdf|chunk=183],ok
MyPCSB_24006,2024,Provision for Credit Losses,NOT FOUND,NOT FOUND,NOT FOUND,value_missing
MyPCSB_24006,2024,ROA,0.75,%,[k=MyPCSB_24006|stem=Proxypdf|chunk=264],ok
MyPCSB_24006,2024,ROE,5.84,%,[k=MyPCSB_24006|stem=Proxypdf|chunk=180],ok
NorthernTrust_210434,2024,NII,"2,177.1",million,k=NorthernTrust_210434|stem=northern-trust-2024-10-kpdf|chunk=183,ok
NorthernTrust_210434,2024,NIM,1.62,%,[k=NorthernTrust_210434|stem=northern-trust-2024-10-kpdf|chunk=348],ok
NorthernTrust_210434,2024,Provision for Credit Losses,3,million,[k=NorthernTrust_210434|stem=northern-trust-2024-10-kpdf|chunk=179],ok
NorthernTrust_210434,2024,ROA,1.39,%,[k=NorthernTrust_210434|stem=annual-report-2024-financial-highlightspdf|chunk=0],ok
NorthernTrust_210434,2024,ROE,17.4,%,[k=NorthernTrust_210434|stem=annual-report-2024-financial-highlightspdf|chunk=0],ok
NorwaySavings_289702,2024,NII,NOT FOUND,NOT FOUND,NOT FOUND,value_missing
NorwaySavings_289702,2024,NIM,NOT FOUND,NOT FOUND,NOT FOUND,value_missing
NorwaySavings_289702,2024,Provision for Credit Losses,NOT FOUND,NOT FOUND,NOT FOUND,value_missing
NorwaySavings_289702,2024,ROA,NOT FOUND,NOT FOUND,NOT FOUND,value_missing
NorwaySavings_289702,2024,ROE,NOT FOUND,NOT FOUND,NOT FOUND,value_missing
SavingsFirst_613679,2024,NII,NOT FOUND,NOT FOUND,NOT FOUND,value_missing
SavingsFirst_613679,2024,NIM,NOT FOUND,NOT FOUND,NOT FOUND,value_missing
SavingsFirst_613679,2024,Provision for Credit Losses,NOT FOUND,NOT FOUND,NOT FOUND,value_missing
SavingsFirst_613679,2024,ROA,0.24,%,table:pdf_p003_t00,table_prefill
SavingsFirst_613679,2024,ROE,5.06,%,table:pdf_p003_t00,table_prefill
SunflowerBank_474759,2024,NII,"$ 296,910",thousand,k=SunflowerBank_474759|stem=4fa39bdb-ab68-4d01-956a-ee0234bc2c39pdf|chunk=252,ok
SunflowerBank_474759,2024,NIM,4.06,%,[k=SunflowerBank_474759|stem=4fa39bdb-ab68-4d01-956a-ee0234bc2c39pdf|chunk=382],ok
SunflowerBank_474759,2024,Provision for Credit Losses,"27,550",thousands,table:b0006,table_prefill
SunflowerBank_474759,2024,ROA,0.96,%,[k=SunflowerBank_474759|stem=4fa39bdb-ab68-4d01-956a-ee0234bc2c39pdf|chunk=252],ok
SunflowerBank_474759,2024,ROE,7.56,%,[k=SunflowerBank_474759|stem=4fa39bdb-ab68-4d01-956a-ee0234bc2c39pdf|chunk=252],ok
TruistNews_852320,2024,NII,NOT FOUND,NOT FOUND,NOT FOUND,value_missing
TruistNews_852320,2024,NIM,NOT FOUND,NOT FOUND,NOT FOUND,value_missing
TruistNews_852320,2024,Provision for Credit Losses,"1,870",million,[k=TruistNews_852320|stem=2024-annual-report-fullBook_ADApdf|chunk=11],ok
TruistNews_852320,2024,ROA,0.92,%,[k=TruistNews_852320|stem=2024-annual-report-fullBook_ADApdf|chunk=46],ok
TruistNews_852320,2024,ROE,NOT FOUND,NOT FOUND,NOT FOUND,value_missing
easternbank_128904,2024,NII,"607,597",thousand,k=easternbank_128904|stem=2024-Final-Annual-Report_869627_006_Print_CLEANpdf|chunk=295,ok
easternbank_128904,2024,NIM,3.40,%,[k=easternbank_128904|stem=2024-Final-Annual-Report_869627_006_Print_CLEANpdf|chunk=396],ok
easternbank_128904,2024,Provision for Credit Losses,"172,373",thousands,table:b0161,table_prefill
easternbank_128904,2024,ROA,0.76,%,[k=easternbank_128904|stem=2024-Final-Annual-Report_869627_006_Print_CLEANpdf|chunk=5],ok
easternbank_128904,2024,ROE,NOT FOUND,NOT FOUND,NOT FOUND,value_missing
mvbbanking_2757205,2024,NII,"$ 109,916",thousand,k=mvbbanking_2757205|stem=2024AnnualReport_FINALpdf|chunk=160,ok
mvbbanking_2757205,2024,NIM,3.64,%,[k=mvbbanking_2757205|stem=2024AnnualReport_FINALpdf|chunk=164],ok
mvbbanking_2757205,2024,Provision for Credit Losses,"2,541",thousand,[k=mvbbanking_2757205|stem=2024AnnualReport_FINALpdf|chunk=385],ok
mvbbanking_2757205,2024,ROA,0.6,%,[k=mvbbanking_2757205|stem=2024AnnualReport_FINALpdf|chunk=161],ok
mvbbanking_2757205,2024,ROE,6.9,%,[k=mvbbanking_2757205|stem=2024AnnualReport_FINALpdf|chunk=161],ok
sybsince1904_317342,2024,NII,"$ 257,400",thousand,k=sybsince1904_317342|stem=7ee64139-1070-4f0d-99b3-ed8b78611139pdf|chunk=121,ok
sybsince1904_317342,2024,NIM,4.25,%,[k=sybsince1904_317342|stem=7ee64139-1070-4f0d-99b3-ed8b78611139pdf|chunk=118],ok
sybsince1904_317342,2024,Provision for Credit Losses,1.3,million,[k=sybsince1904_317342|stem=7ee64139-1070-4f0d-99b3-ed8b78611139pdf|chunk=143],ok
sybsince1904_317342,2024,ROA,1.37,%,[k=sybsince1904_317342|stem=7ee64139-1070-4f0d-99b3-ed8b78611139pdf|chunk=96],ok
sybsince1904_317342,2024,ROE,NOT FOUND,NOT FOUND,NOT FOUND,value_missing
